Gene,Fold_Change,Log2_Fold_Change,P_Value,FDR_P_Value,Regulation
BUB3,0.6679038838997502,-0.582287591,1.2063869780469548e-11,2.240432959230059e-11,Downregulated
TUBB,0.6987767103546788,-0.51709657,1.2891223726187303e-26,3.3517181688086985e-26,Downregulated
TUBA1B,0.7769267178154486,-0.364149569,1.119756544055874e-156,2.9113670145452725e-155,Downregulated
ARF5,0.7960254121608097,-0.329113607,9.601274359695935e-50,4.9926626670418864e-49,Downregulated
SRSF11,0.8187455888628968,-0.288512866,2.382540759366632e-68,2.0648686581177477e-67,Downregulated
TCOF1,0.8476539490499413,-0.238452684,1.8194601591802985e-33,5.91324551733597e-33,Downregulated
RPL7A,0.89095394,-0.166577245,1.0910612180628919e-15,2.1821224361257838e-15,Downregulated
UQCRQ,0.8962029445624065,-0.158102628,0.035508291042015416,0.048590293,Downregulated
TXN,0.936573277,-0.09453622,0.000278768,0.000452998,Downregulated
RPL37,0.973206102,-0.039182729,4.064952674513805e-34,1.5098395648194133e-33,Downregulated
WDR34,0.9748402686688136,-0.036762248,0.7010319854770982,0.7290732648961822,Downregulated
NDUFA13,0.9860355560753522,-0.020288424,0.12055441479061772,0.14925784688362195,Downregulated
RPL36A,0.9967963782768687,-0.004629268,0.43957053311325567,0.49690582004107164,Downregulated
RPL15,1.003564281320982,0.005133029,0.8284857566585078,0.8284857566585078,Upregulated
RPS21,1.0240120180952672,0.034232647,2.0752028555483417e-27,5.995030471584098e-27,Upregulated
RPL11,1.0255619767456057,0.036414679,1.6630131226383876e-22,3.6031950990498393e-22,Upregulated
MIF,1.060629187271621,0.084920355,0.36059400897056915,0.4261565560561272,Upregulated
BIRC5,1.0631916356984878,0.08840166,0.015922975,0.022999852714510147,Upregulated
RPL41,1.071444931,0.099557702,2.0112338170654893e-106,2.6146039621851358e-105,Upregulated
UBE2C,1.009341875021399,0.013414913650246217,0.5565927331989134,0.6029754609654895,Upregulated
RPS18,1.024120437552627,0.034385387645191515,2.876599933264656e-39,1.2465266377480175e-38,Upregulated
RPS9,1.0293670623745934,0.041757525126408096,3.8452470758394686e-24,9.088765815620562e-24,Upregulated
SPINT2,1.1033911899478472,0.1419443663981332,6.632098850476857e-07,1.149563800749322e-06,Upregulated
RRM2,1.1065630621739226,0.1460856715574617,0.00738987,0.011302154874632299,Upregulated
HIST1H4C,1.225652841052901,0.29355040201783816,0.059691208,0.07759857,Upregulated
NME2,1.5240635256073172,0.6079230381124647,5.328595066582492e-63,3.4635867932786195e-62,Upregulated
